f_id,f_type,f_name
57597962178fb06d54a61ba34ef93149,query,ED_aapmoal
8e8a6c4cdc765554d2d672af7d333ba8,query,ED_achter
589ffaa96c786aa40d28b9eb18cfd631,query,ED_beetje
23af5df5d6890963802b821ce008517c,query,ED_beide
2a713d38cde55f9c0ed7af6cea3d1ffb,query,ED_berre
a3a85647de73d6535f730357028f45cc,query,ED_binnen
591ce61a1b730ebc8568ba9f862729b0,query,ED_boeten
8aaff95ffff5a6812d962964a4bd44c3,query,ED_boven
367ac575452737ce9b40990bc17ae953,query,ED_dikke
5f83115c31f3aee2007fc409a7526e3d,query,ED_dizze
8917655f28bcb6eb2055f0adbf2a6854,query,ED_eerst
fa6ce17c23cb6a3f9adb25345185278e,query,ED_gingen
9dc1775eab1c131e03ebb41c6cc4deba,query,ED_groot
1abf5c68de8a19b4eb027963ed5191a9,query,ED_haren
03f801a44590b3ce7cee30028a459d96,query,ED_hondje
782ffc63447b9fbec6db4892416f9a27,query,ED_konden
dad99c177055b8ce7b397afd8eb45855,query,ED_laangs
5e3a2a84ecfb03343f7dcedf03af0e48,query,ED_lekker
4a71db6fbfae2006b7ef27226d38938a,query,ED_lutje
ef37fad80f168fe264fd23e8e023e8ec,query,ED_mannen
7557f4ea4dbed34f6911426a7e9bb0f4,query,ED_moane
4d7bd6219142ae27064568f180eac3e3,query,ED_muskes
31a6eb6b1942db53641b450ba8468cdb,query,ED_onder
c55713319b3d1b08cab59c5a55fcf339,query,ED_popkes
9cb28fcb0ecfbcbe99ab44c063fc491e,query,ED_staine
7291ce251ddfdfe9bb13357096efc456,query,ED_tegen
6515244f09dec163e6c2dfb2dd30f8c7,query,ED_tussen
fd8b37b4f3de0419947feb8eab7c4c13,query,ED_vroug
3c271edb64581fdd4714eb3ccf6c8414,query,ED_warren
0aa0e1cd01da970734c4bb9e56d0d8a4,query,ED_werden
0177eea0b0ea6ceb0781a5bef5e1d7e9,query,ED_wezen
3791d85d550705beacd25af72570b6e3,query,ED_widde
6dbbc9aa0f3471366a03c101b7001b84,query,ED_zitten
901568c0053c196a230c0069bd437aeb,query,GD_aaltied
18a500df68fe20828ca4d9140723bc9a,query,GD_achteraan
d1a98d1595614d748c5a567677571f77,query,GD_ales
7c062a1d43aa195425c701a17ff664ab,query,GD_gelukkeg
73ee4543e0e5fb016ae6563bf33512e1,query,GD_grode
ddabae84124e6bbee4ecd7b33d8f8a14,query,GD_haile
ba9367f979b8cdc5a4296255ef02f2ca,query,GD_hailmoal
be09bb37b3c4f4a5646d2817566db394,query,GD_handen
22236e081557378b08ec2e25c512300c,query,GD_heurde
854c720c427ea60ca1f63b34e1350fa6,query,GD_kertonnen
6d5a04674b5e889ea71f504c7153efcc,query,GD_kregen
c73e43ceab6a248e13011fc402a407ad,query,GD_laange
91d15e56202ae6f6501977c6cf3f60f9,query,GD_loater
bbb105740f1dc26872d6a298412d6ae1,query,GD_mensen
0efe8980788743a14b843840afeace95,query,GD_siepeltjes
d7f3a69fd75715dbf500284f5920908f,query,GD_soavends
b38a6f4c264e73bb24a0d8f45b384ec0,query,GD_speulen
7b2c850711a5e5e8a6e2b965f5f59699,query,GD_swaart
d29f1c2a1bdac61dda12120cda77ef85,query,GD_swieniegel
8ad3410c8f979f54981e0a8d298a087f,query,GD_waarme
be28556a25f10e75e018026d3ec60ebf,query,HS_bloumbollen
65139ef73d12b348c614b6ab57429e97,query,HS_dorp
54b87e1defedf211201040b888ea56b0,query,HS_grond
9c05004411017ddb9f30823364fefd4f,query,HS_haard
ae376b0c4258cf99f10cf4d47e73e4af,query,HS_hebben
1695b0db7bfd9d583c76b314176cdc50,query,HS_inains
5bfae3cc59f8412e69097e9f652bd25b,query,HS_mooie
9108e9cfb733e4a0787004ac8898bbd3,query,HS_waren
014ef88d23ef4cfb1fcb13a3e36189ca,query,HS_wichtje
8d86a91f7d53bcff68deeef1efdcbf33,query,HS_wollen
826b38b5568e6bb65f64e2638dacf3be,query,OV_blieven
6cc652f2389a825446616471c620742b,query,OV_gain
e7466d423c17c1fc57501fa650ac0da4,query,OV_kieken
770c1b2d953c6781e2c9f9dbbfaa4aa0,query,OV_kiender
4158906ff7878f930333f095b8d02405,query,OV_leven
284dcb94fec0c0f416b0e7429fc19f40,query,OV_plan
2feaae5e149680d205e54e46821849fe,query,OV_tied
8e37aa9d54bedaf6f08d609315297ab3,query,OV_verschillend
54982e00b909cfb9b27a068c92b44173,query,OV_wotter
7f948e07dc0070631b6ea57aa9a712a1,query,RB_benaneschil
6717a7dc69edb0af69aa41a70ad41d38,query,RB_gruinteboer
2e5b8beab9a02085e7b74ac30d63b73b,query,RB_mout
fcf3342c3caa3387d8cc06f8099ee1c3,query,RB_poddemonnee
17a6e4fc7154c6f13f8388cca51b1d01,query,RB_schoelplein
1f3b26da8f755255b670915ecf8408ac,query,RB_slingers
9ef95afccfa9c3ecdff6760594c0c047,query,RB_stee
19acf6c5385fb07c32dd7d98c886ea3e,query,RB_stoan
82054880969f47578dfb67db484f24d9,query,RB_teveurschien
c4f0f58d1af2223da0519dc0496e7600,query,RB_tou
5ca56b8acd946638724675dfae3468df,query,RB_vlogen
7ab1c959662f01643b6875a1707be095,test,GD-aaltied-wuir-hai-ofblaft-omdat-e-zo-swaart-was
f7427751be947c07f6f08ea69d6aae74,test,GD-aan-de-kaande-stonden-de-pabbe-en-moeke-van-t-jonkje
65467b4ba993f7e4ce267e02b19dc603,test,GD-achteraan-in-dtoene-ston-n-hege
6c8e2c86fc395c55190c68ca04a2b502,test,GD-alemoal-in-haile-mooie-klaaier
d2fefed2689eaf9b21ab05c9bfcaa8b5,test,GD-allainde-n-beetje-klaainer-en-platter
71b93598da65ba3e42271f878167d4e9,test,GD-binnen-twij-tellen-lag-e-zulf-ook-in-zien-waarme-nussie
8f1cedfd48e791c008a27c61a0d5e94f,test,GD-de-keunegin-zat-noast-hom-en-huil-zien-pootje-vaste
16ad2e3457847964f59567c298936bfb,test,GD-de-keunk-hong-hom-om-wiert-zien-nekke
5b1abe728e1c3232409d70d494907b80,test,GD-der-was-ais-n-jonkie-dat-geern-dreumen-wol-mor-nait-dreumen-kon
b94b366f654c6a7a8eb8ff58dd682eb8,test,GD-dien-tromme-nait-vergeten
b68c8a3b24de21f3896bd8f79b17c02d,test,GD-doalek-het-dij-hond-ale-honden-in-de-buurt-verteld-hou-flink-t-swaarde-hondje-is
5f773687d3850ddf99f05de12df2a217,test,GD-doar-mog-e-op-traktaaiern
1cd811d109a8348482a9d9c292df16ea,test,GD-doar-paasde-zai-ins-nait-tussen-met-heur-korde-nachtponne-aan
a12cc79ea6047abcef954c4ec95b3f26,test,GD-dou-aal-vlugger-en-vlugger
20df471b6c7c2c3de85e8b852c66b7b1,test,GD-dou-gingen-de-mensen-weer-zitten
db8b5bcfc197f66dc45dfe7a0e47f9e0,test,GD-dou-hai-zo-wit-was-as-snij-runde-t-hondje-haard-weg
7e26b7acf432744aa8d552c813f12215,test,GD-dou-mie-aine
0006dc0fc6d9cfd9dc9f2c20b6452df1,test,GD-dou-was-der-meziek-in-de-koele-onder-de-hege
a46dfcc46291e6da08224e1c44142d93,test,GD-eerst-hail-zachies-bewogen-heur-handen-over-de-toetsen
9426e9aea2223e52ba1435da2d0dfd54,test,GD-en-ain-van-zien-stroalen-vuil-op-de-mooie-widde-staine
d2224a114fcb83accb00dfcd8505f50b,test,GD-en-bie-dij-hege-ston-n-swieniegel
fbb6fa102dbf76c0d7f4330c702dcd40,test,GD-en-de-prachtege-klanken-vulden-de-haile-zoal
9b716a975ef92c9d46fa971ea8b05e12,test,GD-en-doar-zatten-ze-van-smorgens-vroug-tot-soavends-loat-in
6f1870ca897a2fb65ef6627b2f9e081f,test,GD-en-even-loater-was-t-net-of-ze-optild-wor
08299fad14617542be09bf46f3028f85,test,GD-en-hai-gaf-hom-n-stotje-in-de-rogge
68d8acd9de40b9531fb72cdd6129def9,test,GD-en-hai-gaf-hom-nog-n-stiever-stotje
3c5a108ec1a4d497042e98b29512d904,test,GD-en-hai-snurkde-n-beetje
decf8ef9e85e260ea1679f8f2c0b1e04,test,GD-en-hai-was-hail-glad
fbed28ec5f6920c6d8db1004fce633cd,test,GD-en-in-heur-handen-haar-ze-klongel
9ec23c640f08126bd3a98a30497b8d9a,test,GD-en-je-mozzen-wel-zingen-of-je-wollen-of-nait
3a88fbdfc5d1f704aba54f2612661ca4,test,GD-en-midden-in-dij-kertonnen-deuze-lag-n-lutje-hondje
2c83d9e28eaa74feea363fcec0dc17eb,test,GD-en-nou-haar-paulien-van-alfred-toch-zon-mooie-staine-kregen
0beea0903785d60abe84fd10c0fc64b5,test,GD-en-t-doppie-van-n-colavlezze-druig-e-as-krountje
eb6a48bbbbc00d18a5b5e6e9377eb610,test,GD-en-veurdat-ze-der-op-verdocht-was-stapte-ze-n-grode-schouwburgzoal-binnen
af955afbbf6118c7b24cdac14a5d158d,test,GD-en-wat-haar-ze-n-nuver-snoetje
ccd2926fc475a0fe1f0e5255907964bf,test,GD-en-weg-was-de-grode-schouwburg-mit-mensen
3672994863f8c8a789c3e0f59d9b3205,test,GD-gain-moane-meer-te-zain
857d3306f85398cf5dd55b4964d31a74,test,GD-gefeliciteerd-mit-dien-verjoardag
29b195a6779ca3d924e852ba0913f4dd,test,GD-gelokkeg-scheen-de-moane-mit-volle-wangen
b7537b7aa3ffc565708f9a8b8318d034,test,GD-gelukkeg-haar-n-aander-hond-vanuut-de-veerte-ales-zain
7e5d84822bd7e68d93be63db3f80c928,test,GD-haalverwege-de-nacht-zag-ze-inains-dat-moane-deur-heur-roam-keek
91d48a077647d4d3478a7af98d1ac10d,test,GD-haar-ze-nou-dreumd
276fdd0a92ebf3c3ca4687edcde45f5e,test,GD-hai-keek-heur-hail-wies-aan
2877228ba7f17aece8e57367dc14b4e5,test,GD-hai-leek-wel-n-kloune-braaigoaren-zo-zachte-en-zo-rond
02e3a7fe252819a6d8f1bef5c1744f0f,test,GD-hai-schoof-wat-noar-ondern-tou-en-visde-de-kopstubber-mit-zien-blode-vouten-noar-zok-tou
39a269a2cd5d5cead25baf4701ff6afc,test,GD-hai-sluip-en-meer-niks
e927694cbfa0015b2642f7747eb4c960,test,GD-hai-sluip
954aabe46b4b444b560857ddd6f8a476,test,GD-hai-woont-op-n-hail-schier-stee-onder-dhege
7f877e51ba771550825199129326758c,test,GD-hailmoal-in-n-knoedeltje-op-n-dikke-waarme-scheuveltruie
d76e33962259cae37677ed5b74a4bcfb,test,GD-heur-ol-pobbe-dij-aaltied-mit-op-berre-ging
4a3c5b2d6c13040234f2d879bbb2a597,test,GD-hier-zit-ter-aine
96a2ffc438e818d1eb6cdaa9ed716a11,test,GD-ik-wol-dat-ik-hail-mooi-pioanospeulen-kon
7311f1ada55731f6a27ca5c3c29a5bd7,test,GD-in-zeuvenhuzen-was-ais-n-routswaart-hondje-dij-nooit-mit-aander-hondjes-mitdoun-mog-as-ze-aan-t-speulen-waren
ddba726f30b522d3d330f1d21effd8ae,test,GD-in-zien-kertonnen-deuze-noast-berre
0cd281e46fac5867c5ad2d83813ee772,test,GD-inains-docht-ze-aan-heur-pioanoles-dij-ze-vanmiddag-haildal-verbruddeld-haar
609ed63c6b0a03b3218359d303e3463f,test,GD-inains-lag-ze-weer-op-berre-en-dou-ze-heur-ogen-open-dee-was-t-nog-routduuster
9776fbb88464bc4e58661b49fbf7aa5b,test,GD-langzoam-ston-paulien-op-en-luip-noar-de-raande-van-t-teneel-en-boog-noar-ale-kaanten
8d8be669e21d931c41827bfe0b730f3c,test,GD-loat-ais-zain
852cb9ea85ef7eb1684fa80ed2725b44,test,GD-midden-in-de-keuken-ston-n-kertonnen-deuze
7bf90ec555eeb0bcfb8f34cf09f94c27,test,GD-mit-steert-tussen-de-pootjes-luip-hai-den-mor-weer-vot-en-jankde-zachies-veur-zok-uut
ea06a96c7724c18bd6f6922a1f1334a6,test,GD-mit-zien-staarke-tanden-trok-hai-t-jonkje-aan-de-kleren-uut-t-wotter
ec0affca1a7dd3b95b8a9422c187b511,test,GD-mor-dat-zag-gelokkeg-gainaine
52fdfc6812ce7d66344d53534a2731a0,test,GD-mor-de-stroalen-schitterden-zo-dat-t-haile-koamertje-der-licht-van-wor
666bde709faceef0af15ed4b20c5c32a,test,GD-mor-deur-t-wotter-was-aal-t-vaarve-derof-goan-en-nou-was-t-hondje-weer-net-zo-swaart-as-veurtied
78342c8452f29551601049d3261fd491,test,GD-mor-dou-ze-goud-keek-zag-ze-dat-t-n-klaain-vogeltje-was
c3d4a447dcb8da1f35083d8020af460f,test,GD-mor-hou-paulien-ook-keek-was-gain-moane-te-zain
a747f56b9c5d715ed997476499ddfa41,test,GD-mor-ik-mout-hom-eerst-nog-luustern-leren
d25509cacebac147ca996b3b3666d930,test,GD-mor-t-is-gain-gewone-staine
21709aacce3b79cdb719c2cc8a6e1ecd,test,GD-mor-t-mooie-licht-was-vot
13ffa02033ab3bd4720feb117e1847cf,test,GD-mor-wie-reken-op-die
83154e2c0db3a393aac2ae177b0fd559,test,GD-moust-mor-kieken
8004ec482640c20fcd136cca01d33562,test,GD-n-haile-gehaimzinnege-hudde-hur
3ea9d559c6e8bf40dbbc6768747a5dfc,test,GD-n-stout-jonkie-was-stiekem-in-t-wotter-goan-mor-hai-kon-nait-ains-zwemmen
4584f452fe97fbbf22e800ceb8742c76,test,GD-n-swaartwidde-swieniegel-mit-n-broen-neusie
1f9b713803e6c87d5ca0bdf319f42e2e,test,GD-n-wens-doun-zee-dat-vogeltje
dd24ef2cf6377a0d72cd32515ef66b18,test,GD-net-of-der-n-lampie-in-brandde
c7fb47012c860217b650ccf75da883f7,test,GD-nou-den-zel-t-wel-zo-wezen
7292f04389593f629146a189abba3d41,test,GD-nou-mag-hai-aaltied-mit-heur-mitspeulen-en-dat-vindt-t-routswaarde-hondje-nog-t-mooiste-van-t-haile-verhoal
ae956954fdc32bc8ebd6d9954213b5d5,test,GD-nou-ston-dat-lutje-hondje-in-de-keuken
b8e6cae3fcf65f3a0ba093af99e7a472,test,GD-of-n-swaart-schoap-zuiken-tussen-n-haile-bulde-witten
5402e5677dd3106fcf023db8c21f7b23,test,GD-of-was-de-widde-staine-n-echte-toverstaine
bd0d24c3b9d50926eceb7c5f45e3f004,test,GD-op-n-dag-haar-t-routswaarde-hondje-n-plan
d761a883966debb743ddce0b7ebf941f,test,GD-op-n-flewailen-kuzzentje-lag-n-golden-medallie-aan-n-rood-zieden-lint
6f605e8c1721172197ec65c38a8df12f,test,GD-opa-lagde-nait
6531cc8802f3d49674a6db5d4c0e1f30,test,GD-pa-en-moe-en-oma-mozzen-der-haard-om-laggen
e91d2333ccfc8c36e1ddf3225308cdf1,test,GD-paulien-en-alfred-haren-de-haile-dag-speuld-in-de-dreuge-sloot-dij-tussen-baaide-huzen-lag
57f1abb6f678d8c90724a48312309fdb,test,GD-paulien-keek-ter-noar
9b5c3157ef97f9cd61bc2876b076cdf5,test,GD-paulien-kreeg-n-dikke-bos-bloumen-mit-laange-blaauwe-linten-der-aan
e66d99570729d3437b2be6a783189b14,test,GD-paulien-legde-staine-op-t-nachtkassie-noast-heur-berre
1b12f3bb6376c94164ebd6c4085d2ca3,test,GD-paulien-woonde-aan-aaine-kaande-en-alfred-aan-daander-kaande
2e2d9a9cd33e35695d7015e42d9642cc,test,GD-snommedags-kwammen-opa-en-oma-op-veziede
3c7a8052cb1665df1df9b2505adec1a3,test,GD-soavends-dou-paulien-op-berre-mos-luit-ze-hom-aan-moe-zain
d77979d1eb9e1ba681bd3172465fe824,test,GD-stil-zaten-de-mensen-te-luustern
8d8b812557acacaabf129ab99a87123c,test,GD-t-hondje-bedochde-zok-nait-en-sprong-de-viever-in
e503558017346eed516c2cac395d88d2,test,GD-t-hondje-ging-der-op-zien-ruggie-in-liggen-en-draaide-zok-om-en-om
f354e1cf086cec15866d8c10af0763d5,test,GD-t-leek-wel-of-e-haildal-licht-wor
619fd5e28dccfbfe5d7abfdbe8557d7c,test,GD-t-leek-wel-of-ze-zo-uut-n-vertelster-stapt-was
ccc5987a011507fccf21afabbda4b2f2,test,GD-t-leken-net-vogels
9f4ab20089eaf7fbec9448fbb02274c9,test,GD-t-volk-in-de-zoal-ging-stoan-en-klapte-in-handen-en-der-kwam-gain-ende-aan
a37b3c07991ab41757a234f2183221cd,test,GD-t-was-ook-ja-n-hail-biezundere-swieniegel
6d43c351a51fd6ae89a1eb603a22e62a,test,GD-t-wor-stil-in-de-zoal-en-paulien-begon-te-speulen
058227bb1604174cf8bbb242cd1e8113,test,GD-tegelstroatje-wuir-hailendal-wit
5bccd74f64a073e612c5adac7b7966c4,test,GD-uut-nijsgiereghaid-runde-t-hondje-noar-de-viever-in-t-paark
df8fecb40360f4453b0c05cb9d8e9849,test,GD-van-wel-hest-dij-kregen
05bc6d657c408edf5316c2ac97fec4d6,test,GD-verwonderd-heurde-paulien-dat-aan
bded134f7d83ab84da3d39e24ec6e2e5,test,GD-wat-kon-hom-t-ook-verschelen
27bc0b73512eacda853bd8ff4e629698,test,GD-wat-mos-ze-den-wensen
33e7716a1a5ca27909e6b4000a361117,test,GD-wat-n-prachtege-swieniegel-was-dat
e32c75142ff1edf8eadf348979d2404d,test,GD-wat-prikt-dat-aan-mien-tonen
9072db99bbbebc3dee5adffb66e97477,test,GD-wiert-dronk-zien-bekertje-in-ainmoal-leeg
467f1d7ad4f627c55f5deff0a4ec54f8,test,GD-wiert-ging-mit-klaaine-stappies-noar-de-keunk-tou
3ddbcba62764cfdec13fa0f8c96cd912,test,GD-wiert-mos-der-aalweg-noar-kieken
9495ae2c61db965ab0688d50b1cf8236,test,GD-woar-heur-laange-blode-bainen-onderuut-staken
f3fc838179f79368acd84d92c29ec9b8,test,GD-woar-waren-heur-mooie-bloumen-mit-de-laange-linten
4c7efa1967db86e2e5168a6047e54239,test,GD-zachies-schoof-t-grode-pluzen-gedien-dicht
65052145195da9c04a72f40ef4761ab8,test,GD-ze-druigen-golden-schoaltjes-mit-keze-en-siepeltjes-versierd-mit-vlaggies
453394312e99d372f343a9749ca5d452,test,GD-ze-haar-n-prachtege-lichtblaauwe-laange-jurk-aan
d60fdc39029a0909c2a8417cf0a4a502,test,GD-ze-haren-van-wat-stroekerij-en-n-poar-ol-dekens-n-hudde-baauwd
3bcaffbd5a4efd4a855ef7fe2e6c0d67,test,GD-ze-keek-ais-bie-zok-laangs-en-ze-haar-weer-heur-korde-nachtponne-aan
720246ab41672eaaeaff3df13653087f,test,GD-ze-keek-ais-bie-zok-laangs
d5b680fed87b00e9c64c5b39e91aadb7,test,GD-ze-keek-noar-t-nachtkassie-mor-kon-de-staine-nait-zain
470f0bb5ffd300f617f33dcf9c717275,test,GD-ze-konden-goud-zain-want-ze-haren-aalmoal-n-brille-op
c79ded5361d62005211abe54c20b26e9,test,GD-ze-luip-t-middenpad-deur-en-ale-mensen-begonnen-haard-te-klappen
729501bce5b1b181e8f62e9e10ed434b,test,GD-ze-stak-heur-haand-uut-en-vuilde-of-ze-de-toverstaine-vinden-kon
df3ffd24d09fcf53dfc36b02ae201859,test,GD-ze-stapte-t-grode-teneel-op-en-ging-op-t-krukje-zitten-achter-n-grode-widde-vleugelpioano
27b59e70f28508d2ff0a93d9f89c37ce,test,GD-ze-trok-gedienen-nait-dicht
9b6f12bf05b57429dbb8d31ce8dd64ab,test,GD-ze-wazzen-even-stiekom-mit-heur-baaident-aan-t-smikkeln
eddee7a693480dbac0882cd0caa3c564,test,GD-ze-wollen-aiglieks-nog-aal-open-blieven
7a9c01af1143e6fce37deaec6057c461,test,GD-ze-zag-der-schitternd-uut-in-heur-klaidje-van-spinnewebdroaden
59f7957b91509c46cfc0ef18fe845cdb,test,GD-zien-boas-ston-hoog-op-n-ledder-t-huus-te-vaarven
00896f019a9c0e5e0bb812f622f5b880,test,GD-zulfs-zien-koppie-muik-hai-hailmoal-wit
cc5dd410d9caf5bcef0bdf205983bc88,test,HS-aanderdoags-was-der-grode-rebulie-in-t-aans-zo-kaalme-dorp
41f590ef2bd8fe90b7c00651efe978eb,test,HS-aandere-winters-vil-der-snij
254b3bd0fca122b87c1dfdfc6e4033c9,test,HS-ach-tou-k-bin-nog-zo-mooi-aan-t-speulen-nog-eventjes
fd560b9dbe3ab3bc4f44fe3a85f6a20b,test,HS-al-was-grond-wel-lekker-zaacht
7c1c4db1b9f414ecb663951a2d794bfb,test,HS-ales-beter-as-hier-mor-wat-in-t-duuster-te-liggen-nait
3b9312e847c9e57c3d6e7a299459a914,test,HS-alle-mooie-koamers
46d3d92bf4162ce296f7e43a1c040db8,test,HS-as-der-din-zon-lozze-bult-zaand-aarns-in-t-gras-lag
11c721200f1ac9486a184c3430ac831b,test,HS-as-mien-mamme-wait-dak-nait-op-ber-lig-din-is-t-nait-best
94476c8844d9918f6ea2e20a0cbd118f,test,HS-as-t-echte-leventege-mensen-waren-kwamen-ze-wel-achter-ons-aan
08437b8fb2ffc51a5afcdb9e2c1c2c14,test,HS-begon-els-t-zulfs-schier-te-vinden
c3f7fd3a0aa4664c13a0a3c282386cd2,test,HS-bie-borg-zat-ales-op-slot
be8e208dd048dd01fab404bdf5014800,test,HS-bie-hoes-brochten-ze-t-wichtje-noar-t-sloapkoamerroam
6d8863b53d661bbfa9f2b5b0beb54002,test,HS-bist-doe-gek
d7bca7bcd021b07e2e9fea56f338dacc,test,HS-daip-onder-dekens-kroepen
7009a21109013085f06968d4e0591205,test,HS-dat-leek-heur-zulf-t-beste-tou
e4a63d1c1cc8394eb4a1559ae14026b1,test,HS-dat-liekt-ja-haildaal-nait
9165801a6e4246b3146d0e4f0c1ad819,test,HS-dat-vertellen-wie-die-loater-wel
5b5642841cfc8ce0ce74cdc21c534257,test,HS-dat-wos-ze-nait-zeker
1bf241d89a9e18c47b0f89086c00117d,test,HS-dat-ze-hier-in-borg-waren
42d246eb57bed7893ec06247b0d50e98,test,HS-dat-ze-ook-wel-noar-boeten-konden
e8b6970ce896e13ed00e53c55e44a0ac,test,HS-der-hong-n-dichte-dook-over-t-dorp-hin
107adc12e1afae3d9a7c9feee9a41eee,test,HS-der-was-inbroken-in-borg
996cce51710d024e87cd8e97d26e6d54,test,HS-deur-aal-dij-gaangen-onder-grond
6f5aee18c0e0cd5d5c5d26dd5a8e612b,test,HS-dij-ging-as-eerste-weer-op-pad
6564506ee5c427af85f1f3dc0dc4f79c,test,HS-dij-heur-toch-overaal-mit-bemuiden-en-ales-beter-waiten-wollen
e41ef5c4e815c56e0a3bdb476489489c,test,HS-dij-hier-nait-veur-eerste-keer-kwamen
a3a8295b19c8abbebb4f162c98f184da,test,HS-dij-klonk-hol
1d42ccf2d80fd961b43908b8645814df,test,HS-din-beleefst-teminnent-wat
64278d6cfbb0935e5d2991e0e86f7e7e,test,HS-din-daansen-wie-der-mit-nkander-tussendeur
cf3b6092cd947032b31493cc574f6b96,test,HS-din-was-t-onder-grond-nog-veul-duusterder-as-aans
b7d5f9bfe047962e5bf1c89c1d315192,test,HS-doar-ging-t-hin
08b66c2eebeffd45d1068c4041a539c3,test,HS-doar-ston-t-wichtje-allain-in-t-duuster
2581f140dd3a6360d9e8bf708239db2f,test,HS-doarnoa-konden-ze-heur-zulf-wel-wieder-redden
f1c267f790686e12632279167ab74379,test,HS-doe-kinst-dien-haile-leven-nog-op-t-nust-liggen
465622aa9b33969e83d0d9069b1e1a87,test,HS-dou-inains-heurde-ze-wat-tegen-t-roam-aan-tikken
3aa1907d11d6660ef26b892403e68921,test,HS-dou-zag-ze-n-vraauwsgezicht-oet-dook-teveurschien-komen
7edb246a18d29a21440f7103c9e36860,test,HS-dou-ze-toch-weer-in-heur-bedje-kroepen-wol
83850636abc0d42077601f9beafb9108,test,HS-dou-zover-graacht-hin-zoefde
ec2b30f0ff3f1fe0db889f141e4a91c8,test,HS-els-keek-wel-wat-vremd-tegen-ales-aan
3dcb1146ec89a934b7bb850068f24d8e,test,HS-els-mos-aaltied-vroug-op-ber
a025c8bdbba574aea315d1b7c7dae781,test,HS-els-stopte-gaauw-heur-drankje-onder-in-t-naachtkastje
391dfa3fb3875e2d691446d18bff3aef,test,HS-en-achterin-stonden-nog-wat-riegen-weckpotten-op-plaank
0e5f009fd067616c169f652f9cf9651e,test,HS-en-der-was-haildaal-niks-te-zain
76c2737a959c787211d0278ad54c9340,test,HS-en-dikke-tulpenbollen-dij-hail-groot-en-staark-waren-zeden-t-zulfde
d0a25e0c02531eec28c969a87f42b354,test,HS-en-doar-ston-els-zomor-in-dikke-dook-op-stroat
96ed20ed048b8ff79650ea5ad2b898f0,test,HS-en-dou-kon-ze-der-ook-in
8d6d8bf4b9787fbf5bd50aa75071274e,test,HS-en-dou-mouken-ze-n-grode-bocht-noar-links
c2b02b846162e013ceaa0bd191cc9c4d,test,HS-en-dou-mozzen-ze-nog-n-poar-treden-noar-kelder-tou
d9b5d3b246e63c32de9c63d3fa6b575f,test,HS-en-hil-heur-stief-aan-klaiden-vaast
123a3b6cda21bda2d4ccf3c5ae4f5763,test,HS-en-hilden-ale-bloumbollen-heur-wintersloap
eef2731cce223603c34a55014e29bc5a,test,HS-en-k-kin-nog-laank-nait-sloapen
24c2d76ea251ea33ff4ebeb5452e930d,test,HS-en-kregen-nog-wat-sloapdraank-mit-veur-els
1f9db1595cca3ad98c2818467de494ee,test,HS-en-kregen-smoak-goud-te-pakken
520bd399a2eb7bf8f12e4058ed2ecd52,test,HS-en-lekker-dreumen-over-van-ales-en-nog-wat
d6d94f19f2f400b7c628e638dd22b19c,test,HS-en-pebaaierde-jonker-aan-te-hoalen
7fcd1b33412f17e1c6f5bfd90b9fa373,test,HS-en-t-hoar-roeg-op-de-kop
7d16f9bfe49dbb987d23742f7bb8d951,test,HS-en-t-zat-ook-nog-potdicht-van-de-mist
96902a4e7bbb5bd1c0efe913ab4a265f,test,HS-en-vil-in-n-daipe-sloap
5005335c21a0d9e0a5464be1778364d1,test,HS-en-was-bodem-haard-vroren
749da91b5886f7cba9475bcd77908fb7,test,HS-en-wat-doaronder-zat-was-ain-groot-gehaaim
6ee0a89f78bb80956585cb4e1ac0475d,test,HS-en-wos-persies-wat-der-gebeurd-was
2bb617ec0204a9f36f6b61952fa2a9c7,test,HS-en-ze-woarschaauwden-heur-ook-nog
42e96e6faa60a3cc70cf65cff2191520,test,HS-en-zeg-nou-zulf
96ac960455d9945d2f439c755266dd84,test,HS-en-zorgde-veur-aalmoal-bultjes-in-t-blaikveld-achter-t-hoes
651fa924d60cd8f0d4e46667c601e422,test,HS-geef-els-mor-n-sloapmutske-mit-veur-thoes
b407815f6bb6302e40a68b6981296621,test,HS-haar-ze-dat-wel-goud-heurd
59b013e07d94a262cb07533de30a1439,test,HS-hai-prout-mit-n-swoare-stem-en-bromde
6bdfeb9de0fc9f18c63402d98b46df94,test,HS-hail-wies-noakende-wiefkes-te-bluien
ff419ebd325e59be1ae58ac3b83c8907,test,HS-haren-ze-ook-niks-meer-te-schaften-mit-aal-dij-tulpen-en-krookjes
ca33e67691f3d779a7234e705fb6f953,test,HS-heurde-ze-wat-gezang
5ede682e08cba285f7e3a8000491bc36,test,HS-hinterdetwinter-in-t-blaikveld-stoan-nou-al-vroug-in-t-veujoar
dc1fa1c919a88708e9dce91bfd008701,test,HS-hou-mos-zai-derin-komen
8b75d3ab00d4604bb282f70ef9621456,test,HS-hufst-nait-baang-veur-ons-te-wezen-hur-wie-doun-die-niks
ade54b9001244e0aa6ef44b849defe8f,test,HS-hufst-nait-baang-wezen
11540828989e2118e44165bef1d19e6b,test,HS-in-t-veujoar-komt-der-aaltied-van-ales-noar-boven
4a3cc1a29a4324b87c8913df4f5f2cc3,test,HS-k-verveel-mie
5e3192c85ac022dbdc474828eaf8b4d8,test,HS-kloeten-waren-haard-en-boeten-wast-kold
0ee5d5286f7ba44db1a51aac0951e472,test,HS-kroop-ze-tot-ber-oet-en-ging-veur-t-roam-van-t-akkenailtje-stoan
9f43afbfa6898a8422fffcd29bcc7130,test,HS-kropen-ze-wel-van-zien-rug-of-en-zollen-heur-deur-bult-hin-vrozzeln
3d8dcd5faeb92e790641b01139e21afb,test,HS-mit-prachteg-glaswaark-en-staingoud-laangs
7cd2f205da00ec5fa736523dab9a599e,test,HS-mor-daandere-bloumbollen-raipen-dat-t-nog-veuls-te-kold-was
ae57ef7437f7784d99844c0214ecbf13,test,HS-mor-daandere-bloumbollen-raipen-heur-tot-order
9073c646e6c02bb5c11822e862bcc3fe,test,HS-mor-der-was-gain-wind
5c73262394ad8c7065dbf214d193077b,test,HS-mor-dij-is-toch-soavends-dicht
1e6245427664fa03ae1e75fba6b7a79d,test,HS-mor-dij-koale-bomen-stoan-doar-zo-roar
2bdbe447dd884256f7ebc09adaadd71d,test,HS-mor-dou-was-der-ain-noakend-wiefke-dat-n-plan-kreeg
6dc476566bf6a540d4f3aa390cd61371,test,HS-mor-gain-spoor-van-n-doader-vanzulf
e7674e79b324675d9dbf2ce88d284665,test,HS-mor-of-ze-nog-n-moal-weer-mitging
6f40d7c02fae3f6aae4da10d666c594b,test,HS-mor-ze-wollen-t-toch-ook-weer-nait-stiltjes-doun
45e77963c60b84c3bd976bdcc12d8415,test,HS-nee-der-overkomt-die-niks
087272264f5dcca0cf20e4f489fc1b97,test,HS-nee-ze-mos-t-heur-wel-verbeeld-hebben
69d1a317fe183c484b8e49d72393be55,test,HS-niks-te-zain-vanzulf
5272b789b2cd0efde4740fb01baecaa0,test,HS-noakende-wiefkes-wollen-noamelk-noar-boeten-tou
0cd8c9eab16bfa2c07e00d99f4e7c1eb,test,HS-och-t-zol-wel-n-kestaanjetak-wezen-onnaaierde-ze
644a327ef5e337e8f6c677990a00a19e,test,HS-oetklaiden-els-most-der-morn-weer-vroug-oet
5dc8f8a3d08d2edb548e981108214bbc,test,HS-of-en-tou-woarschaauwde-traain-deur-bie-spoorovergaang-te-toetern
68c942978c9c6c37f552366c98c1dd44,test,HS-of-toch-mor-wieder-kieken
5c9033fcfc2c1163c18e6d41f2987323,test,HS-om-op-hoes-aan-te-goan
34c16eb7400ec8a9853a408ddff76686,test,HS-op-n-dag-dou-ale-aandere-bloumbollen-rusteg-lagen-te-sloapen
cca1512102347ef41df44eeae3aece0c,test,HS-pak-ons-mor-bie-haand
42cf868ae9399efda195311a775a4587,test,HS-pas-as-vorst-tot-grond-oet-was-din-was-winter-over
d3e43c9649f887a3b439c572e010e4a5,test,HS-stil-ofwachten
37305a58ec0ebacca6531e6d360b42b2,test,HS-t-is-net-of-ze-mie-aankieken
518b506ab7d964440293775964d4fe57,test,HS-t-leek-hail-nait-op-n-wit-wief
d622a288d404bda210fd2c86564dd92f,test,HS-t-rook-der-muf
cf4a5c53f3cb1ddceacf7048996ac7ae,test,HS-t-was-beter-dat-ze-doar-nait-maank-gingen
ad303abc1d21f50cc0a246709888cd93,test,HS-t-was-heur-zulfs-nog-te-vris
64401e3538d18b88aa963f39926b1db6,test,HS-t-was-nog-te-vroug
06703f30cab3a5c0b9c57ad0108e8ff4,test,HS-t-was-nog-volop-winter-in-toen
11892f8832434974758e17dc4ad04813,test,HS-t-was-november-en-hail-stil-boetendeur
d4ac0797116686dcdb978b18ef7c2ff1,test,HS-t-was-wel-dudelk
69049e78b6a2bae0d89e3fc4039ea4de,test,HS-t-wer-eerst-weer-veur-n-tiedje-rusteg-onder-grond
cee900c259aecb9bf173e68cfe2e0d71,test,HS-t-zol-din-mor-n-koale-boudel-worden
7228d286e8bd783c796d1e8b88709837,test,HS-tied-was-tied
4df2456fd09fcf5b8843bc5460399bd6,test,HS-toch-was-der-onder-grond-al-wel-wat-loos
352ee83de3404806e7752a29783e0e2c,test,HS-van-smorns-vroug-tot-soavends-loat
1fbfd2839e26f72cfffc7405b2109979,test,HS-veurlopeg-even-nait
4a443d647726d04b17d005d7045f9321,test,HS-vraauwen-mit-laange-widde-klaiden-aan
d0669a6103a5cf9e18327e48ffba9044,test,HS-want-ze-haiten-ook-wel-snijklokjes
60ec8824ba8614ce3d71182cb14e3cc1,test,HS-want-ze-konden-toch-nog-nait-in-toen-wezen
8b058d66513cd93249b2f8f633307a17,test,HS-wat-broene-bloaren-lagen-as-n-deken-over-grond
b833d9e67e08e07e82f1002ffec5951e,test,HS-wat-is-n-toen-zunder-noakende-wiefkes
52722f25feae93c82413d6b3a09b5d8f,test,HS-wat-kon-ze-nou-toch-bedenken-om-te-doun-ze-verveelde-heur
b6a239c98a0546bd97ef233e1b79ffc5,test,HS-wat-zol-ze-doun
39d1c7f40081da92ce201d6a6acf8517,test,HS-wat-zollen-widde-wieven-hier-nou-toch-te-zuiken-hebben-docht-els
81b4eb9adbb1b9b22930ad2b2384540f,test,HS-wel-dat-dudelk-vernemen-kon-was-swaarde-mol
5667481d9164f954e67286bbc2b18e19,test,HS-widde-wieven-gingen-in-n-krinkje-stoan-en-vongen-heur-op
0adef80a8457b1681c726bbf27222d00,test,HS-wie-goan-votdoadelk-noar-kelder
7c84b095cf3e1a0db81456f5363ff27c,test,HS-wie-pazen-goud-op-die
99eb7b75df84e33b8ecaa8f429873c48,test,HS-wie-wollen-vanoavend-noar-borg-hier-in-t-dorp
27d2ed6601c88f2eb8c7a95921109317,test,HS-woarom-zollen-zai-din-nog-laanger-onderdak-blieven
807af87139b2ebac5c325512ff8c9ffa,test,HS-zag-n-swaart-gat
572f3e7a5eecd4c5ce325f7c3f9b9d95,test,HS-zai-vertelde-t-deur-aan-heur-vrundjes-en-dou-waren-ze-nait-meer-te-holden
f3650946d7b73b5880e37457758ecec8,test,HS-ze-deden-niks-aans-as-sloapen
ac10360bf0173e698eecf4453ad01626,test,HS-ze-dee-t-roam-op-n-kier-en-kroop-noar-boeten
5c7d3e472f859d6a668bc16492d32ef8,test,HS-ze-haren-grootste-lol
b74571bdfd7dc3a898cc05ea21702f21,test,HS-ze-haren-n-plan-opbedocht
839f8d3439e74d52db5ad4d6ea3b6be4,test,HS-ze-haren-zo-onnaaierd-dat-ze-wel-bie-hom-op-rug-mitvoaren-konden
3d924feac049d9f189a971a80a3b2f47,test,HS-ze-heurde-dat-schoef-van-deur-of-doan-wer
b8c97baf7ff3927249547337bf3619db,test,HS-ze-leken-nait-kwoad
59024ce63cb79b9acc1d5d03c359ab6f,test,HS-ze-namen-mit-n-dikke-smok-ofschaaid-van-jonker
dfcac4958bc2f384414dd3db8ffc357b,test,HS-ze-pakte-hom-vaast-en-trok-stain-noar-veuren
bfeaf742d9985a33dd0fa1fa3cbeb45f,test,HS-ze-wollen-heur-kop-boven-grond-oetsteken-en-even-vrizze-lucht-happen
ea8e5ae33628b45bf60101d75ba317e8,test,HS-zo-ist-ook-oflopen
8eca397cade9ad0b331202bcd4290f71,test,HS-zo-vlogen-zover-meulenweg-vlak-bie-bomen-laangs
76e0b0af7ca62de0ed8af05ddc5dfc4b,test,OV-aal-dizze-kiender-kregen-loater-ook-weer-kiender-en-dij-kiender-ook-weer
bc3d9ece9442e929d63350fb65e0bdf0,test,OV-aapmoal-n-beetje-aans
85a586c04108a9d4e0af4493361f2fb3,test,OV-aapmoal-verschillend-mor-aapmoal-prachteg-van-kleur
6674b80ff32201a1738646e09d38bde3,test,OV-an-alle-huze-in-de-straote-hangt-vlaggen
98e9f67f997676c40f982015c5845334,test,OV-as-de-winter-begon-was-t-op-zien-slimst
88bb5ed2f71c3b022dea3d0c36dd7083,test,OV-d-in-mout-we-doar-votdoadelk-mit-aan-gang
bdb57d484617ffdc4fec0d4121910353,test,OV-de-volgende-morgen-kins-nog-slagroom-op-toart-spuiten
e82e380f143f7a5ff4481b90a73a88c8,test,OV-der-waren-gonnent-donkerbroen-en-enkelen-waren-roodachteg-broen
752649b14607a7cf1c29659c4e270036,test,OV-dizze-keer-nait-laang-of-kort-mor-der-tussenien
348eda07401b4bb55d21a383f4b9f4a1,test,OV-dizze-keer-waren-summegen-prachteg-gitzwaart-worden
f807cccc6ae51fbbbbed7c6645f4aba3,test,OV-dizze-keer-zel-ik-ze-veul-langer-bakken-din-kieken-we-wat-der-gebeurt
f3a72b21c0c6149d828061be81fee6ea,test,OV-dou-der-zes-eetlepels-waarme-melk-bie
ae2f22f326f5abe1259c39e8779deb41,test,OV-elk-popke-kwam-tot-leven
9cf348cf516abe30af281af79773b6b9,test,OV-en-dus-mouken-ze-nog-meer-popkes
c00dd6712efa9ee6d8a4d5c6e1ed323e,test,OV-en-ook-aapmoal-weer-n-beetje-verschillend
d89fe035faf621004a572f3f2c794eb1,test,OV-en-toun-bluizen-ze-aal-de-popkes-ain-veur-ain-leven-ien
ca7eeb2f2f58fd28716228e7de31bbec,test,OV-en-zo-is-t-kommen-dat-der-zoveul-verschillende-kiender-op-de-wereld-kommen-binnen
099ef7db949079232d8d35ba6c382dad,test,OV-gaais-hom-ook-moaken
11715798fff289ecd2bf107583387002,test,OV-gonnent-waren-blaik-aandern-waren-rozeachteg-wit-en-weer-aandern-roomwit
48f2352928efce87ef9714530b916f11,test,OV-hai-is-slim-lekker
bca0c428a58bdb851d95fccfda724b2e,test,OV-hail-goud-ruiern-zodat-der-gain-kloetjes-meer-ien-zitten
3da801e25b09382518d3ec5359d5d409,test,OV-hail-laank-leden-toun-der-nog-gain-minsen-op-de-wereld-waren
854c51619d5ab005e6dbace3623f1676,test,OV-hou-mos-ze-dat-toch-veraandern
ebf08982337f29cc03e9dd42578ced36,test,OV-ienainen-kreeg-ze-n-idee
4fde3f142ae7ed85235fe7ede635b643,test,OV-ik-heb-n-plan-n-hail-schier-plan
d97992486c197c9ba7be12601ebe059e,test,OV-is-de-koning-weer-jeureg
4ee0a49e7aeb014bad8856a7c197b4f2,test,OV-kook-de-melk-ien-n-pannetje
5046c081787eb7e512189b399f4aeb35,test,OV-loat-de-toart-ofkoelen-en-zet-hom-n-nacht-ien-de-koelkast
815fc7a8e4e2d5484cb5bc9bf4f4ff8f,test,OV-loat-dit-drij-minuten-koken
a7e960b1727ecada9281bd0ed0ee2555,test,OV-loat-we-nog-n-poar-moaken
21b70c2402f803d3ff66e9f0f80c8655,test,OV-lutje-jonkjes-en-wichtjes-van-klaai-dij-der-ongeveer-net-zo-oetzagen-as-zaizulf
14e2f8e01ca50d07807b940e69e1c079,test,OV-maor-wat-gef-dat
c83564fb1528bda4a78476e283ba6f3d,test,OV-mor-op-t-lest-vond-ze-dat-t-nou-lang-genog-duurd-haar
55ed2ee553fa52b86e86f9359780296f,test,OV-mos-wel-goud-ruiern-blieven
4d108e6ee0acaefcffb655fb7da4cc8c,test,OV-n-beetje-verschillend
d9ad8830d2d4474e3edd160c56574e6f,test,OV-nou-hebben-we-genog
a61fbc1fb653c844be5ffc9e3807e035,test,OV-nou-is-t-tied-om-heur-leven-ien-te-bloazen
b0aadcb3c020df95b606c163df3e16a6,test,OV-nou-zellen-ze-wel-kloar-wezen
345d88274e8b2688dbb1df56eab71c5d,test,OV-omdat-ze-nou-n-groot-gezin-hadden-mit-hail-veul-kiender-om-veur-te-zorgen
331a32f157f8207ba7525030b7cf1dbd,test,OV-perbaaier-de-bodem-zo-goud-meugelk-te-bedekken
6830985accdcef135b64b1fa66c68e28,test,OV-t-was-n-populair-gebak-en-hai-wordt-nog-aal-moakt
bb0e946b6f3bdb30d2b7b7309a2611ba,test,OV-ton-kwammen-der-een-paar-andere-landen-en-dee-hebt-dat-ondeugende-land-vot-ejag
83f52f72e987bd6e979e23d1a90531b6,test,OV-toun-stoapelden-ze-holt-rondom-de-popkes-en-staken-dat-ien-brand
7d4a7094b36ae5c61f7490fcfec7add2,test,OV-toun-ze-dizze-popkes-deroet-huilen-waren-gonnent-goldachteg-geel-en-aandern-goldachteg-broen
c945f695305792c3e2ede52f2e3d4f25,test,OV-vandage-is-t-bevriejdingsdag
682117ffc3ffebe6a7a2f74171c41a3c,test,OV-verdail-din-de-jam-over-dien-toart
e0d42ed8a9e4dcd9d0b5b9111ab6cedb,test,OV-veuraal-as-de-doagen-kort-werden-ien-t-noajoar
3830be7f2e8019cb964ee3eefff37c03,test,OV-vuilden-ze-heur-noeit-meer-ainzoam-en-allinneg
ad8c828e857e7459626057c5617fcca3,test,OV-wie-goan-kieken-hou-ze-worden-binnen
4984e47f3392857adf222173351ad21d,test,OV-zai-vuilde-heur-din-zo-allinneg
26ba400aa8535bed888b0cd9ef51f4e8,test,OV-ze-doofde-t-vuur-en-huil-de-popkes-deroet
7c794be659252f1262f1c7579ae69fb4,test,OV-ze-doofden-t-vuur-en-hoalden-de-klaaipopkes-deroet
afeb2b96e36f1b38548959b3494a91e7,test,OV-ze-stoarde-noar-t-wotter-van-t-slootje-woar-ze-vlakbie-zat-en-puulde-mit-heur-handen-wat-rond-ien-de-natte-klaai
8a3f590ef88cfff2f5fd642ae669860d,test,OV-zee-hebt-ons-bevriejd-en-dat-viere-wiej
61bc4d77fd1e45c1a47bdad36dac2cad,test,OV-zee-snapt-t-neet-haildail
68533eaa54ad42fd05106b1dd2a4d3ac,test,RB-al-wel-n-haalf-uur-hadden-ze-der-zeten
c1540d4309fee0747e3e29b9d1e574e2,test,RB-allemoal-kleuren-deur-mekoar-hen
3adbace9c13e9df128cb8a4de1f3bb93,test,RB-allemoal-mooie-koamerkes
2353c29f4eb19fe5dc9d46897d5c254f,test,RB-anerdoagsoavends-kwammen-der-n-poar-mannen-met-ledders-t-schoelplein-opzetten
0879de26cf624376b1d69165abf86bf9,test,RB-as-der-mor-wat-veur-heur-te-vreten-was
81e0e17ab43b9d8905e1ee98a6fb9f4e,test,RB-as-hai-weer-stoan-gaait-let-hai-dkinder-zien-benaneschil-zain
3e932a925ce028d6540750ac06cde276,test,RB-as-moeke-aan-t-siepels-snieden-is-den-het-ze-troanen-in-dogen
a942207ea08490b5622196ec6704a09a,test,RB-as-ze-noar-huus-tou-lopen-hebben-ze-de-grootste-lol-om-dij-male-gruinteboer
a914ed1fda8d1fd40682b50d6c2a7a08,test,RB-benaneschil-mout-je-nait-op-dstroat-gooien-hur
5e7c010c2ceb38ef4e4f813c9dc100c9,test,RB-benaneschil-verrot-fruit-en-zo-gooi-je-mainsttied-in-n-olde-kertonnen-deus
91a2bf2f7af8d1a1fbc131f20fca7e5a,test,RB-dan-warren-ze-hier-n-schofke-om-e-deur-en-dan-weer-op-n-hiel-aner-stee
a632e1392a2a1eefa6a2ccc4d8631dfc,test,RB-dat-binnen-rode-kolen-gruinteboer
0a9853fb36fa41a1fd14425e5f9aee99,test,RB-de-beide-muskes-kropen-hiel-benaauwd-vot-ien-de-doevetil-zodat-gien-een-heur-zien-kon
3dedd13e57be11431b19c4b90e6bb08b,test,RB-de-beide-muskes-warren-toch-zo-bliede-dat-ze-al-kwetterend-n-poar-rondjes-boven-t-schoelplein-vlogen
6e12c99aef756396385cec78f175782b,test,RB-de-beide-muskes-werden-zo-neisgiereg-dat-ze-zomor-van-t-bredje-of-vlogen-en-aan-de-overkaant-van-t-schoelplein-op-de-geut-van-n-boerderij-zitten-gingen
55db7b860284b74da80ec76e152a7cf8,test,RB-de-drinkbakjes-warren-krekt-bijvuld-zo-t-leek
dcbb0db27ccbe099f2c272277dbc079a,test,RB-de-gruinteboer-knipt-in-zien-rooie-wangen
e1a1de7c062aa4eb3a84c07927d39081,test,RB-de-gruinteboer-staait-mit-n-blaauw-schoet-veur-achter-de-teunbaank
3a2f15ba55588d688d4a310ec0362223,test,RB-de-kinder-kieken-mekoar-aan
0aa0a34aba3c46ed91e2095a45e4000a,test,RB-de-ledders-werden-tegen-de-schoel-aan-zet-en-doar-moeken-de-mannen-de-slingers-en-vlagjes-aan-vaast
48e9d4cc4661e328a7ad5bb8db9d8044,test,RB-de-lutje-muskes-konden-der-niet-over-uut
cdd2e546e4e9e9f7870758243ca84794,test,RB-de-muskes-werden-wat-driester-en-duurfden-allerdeegs-op-t-bredje-stoan-om-te-kieken-wat-der-zo-aal-omweg-ging
d6f42b122b5ca1a4ccf83cde68724fb4,test,RB-de-winkeldeur-staait-open
59da76e2c448af947a237ec4c4f3d410,test,RB-den-geft-hai-de-puut-mit-appels-aan-froukje
df1c9a555333b01f4ddab7a4181f6a39,test,RB-den-goan-dkinder-ofpotten-wel-hom-wezen-mout
be558be5142be04aff09da30ae5cf3c1,test,RB-den-slokt-hai-n-moal-of-wat
3ffa10cc315c4bb6c03f27c27e54abfa,test,RB-den-stopt-hai-de-schil-weer-in-zien-buuts
be65c0573c2d2487027b22a605f857a3,test,RB-deur-de-hoast-gleden-ze-nog-n-hiel-ende-deur-over-de-gladde-vaarf-van-de-uutstekende-bredjes
99cd0a3704cb230d4c71c8292ef6f245,test,RB-dij-gruine-bloadjes-luzzen-ons-knientjes-ook-groag
318f3672a18932b44211a1250fa61d54,test,RB-dkinder-op-school-ploagen-hom-doarmit
a4720c0e726160b6438ff4c2e6ec0e85,test,RB-elk-gaait-noar-zien-aigen-huus-tou
dc72c84127d7dbb33c5c44d054e41b1f,test,RB-geert-geft-zien-braifie-aan-gruinteboer-appel
f6443197dea13517124c3052720be9ab,test,RB-gelukkeg-is-ales-nog-goudkomen
4149724e5cdee81c76542e75bcaa2a99,test,RB-goenent-warren-bij-de-iengang-van-t-schoelplein-met-n-ereboog-aan-t-moaken
28ef03c803827bd9c269c73f59c2e65c,test,RB-goud-roaden-wichtje
dc2934b06435c720a7fa3b4f11fc3285,test,RB-hai-dut-baaide-handen-veur-zien-ogen-en-telt-of
8bdb63b9e18f727eb5ce9d19ed54d2f8,test,RB-hai-hoalt-der-geld-uut-en-geft-froukje-de-poddemonnee-weerom
495a7f7d5596b163452ca00bc92b9aea,test,RB-hai-hoalt-n-benaneschil-teveurschien-en-let-hom-aan-dkinder-zain
3253bf3d40a6a88aabe3af493880abf1,test,RB-hai-hoalt-zien-snoepies-te-veurschien
903f655be9b8979021e744b80d7d5923,test,RB-hai-let-zok-valen-en-koppeltjedoekt-over-de-grond
723dbacd44419536cf92613f25607e33,test,RB-hai-pakt-dappels-uut-n-kist-dut-ze-in-n-puut-en-gaait-ze-wegen-op-n-weegschoal
bdb177d36a6611eb8b7bc3d9622ed3e9,test,RB-hai-schudt-mit-zien-kop
1ca23260ee404ae5cc29c53043bb45fc,test,RB-hai-vaalt-achterover-op-dgrond
e568a14091eaa321c6308148ecb4594e,test,RB-hai-vertelt-dat-e-praai-verkocht-andievie-spinoazie-witlof-woddeltjes-boontjes-en-nog-veul-meer-gruinten
b7bfdb7c418c4dba0d15fa01b99b1bf4,test,RB-hai-vrift-over-zien-zere-rug
a3434ea2f594910fdc004c01fa0180ea,test,RB-hai-woont-hailmoal-achteraan-in-dstroat
d124425e40983efee4595e6e2de03ac2,test,RB-hiel-veurzichteg-gingen-ze-der-ien-en-keken-heur-de-oogjes-uut
18855e12e6c7289b56bab6e952cf3d6a,test,RB-hiel-veurzichteg-keken-de-beide-muskes-noar-beneden
c848d8f6218af8000d0091c7b9a62d26,test,RB-hielemoal-van-neis-vaarfd-rooie-ziekanten-met-n-gruun-dakje
bccbc420c44972f806eae95e7297a8bc,test,RB-ien-die-tied-ging-der-gien-een-doef-ien-en-der-kwam-ok-gien-een-uut
11e783521cf5c53455129fca27b09ff4,test,RB-ik-goa-ook-noar-huus-tou
7dc2e4111f953e3f2fb3b27941af33f0,test,RB-ik-krieg-ook-honger
0a01ec5f12fa67f08a84143dbe9e856f,test,RB-in-de-winkel-stoan-kisten-mit-gruinten-en-fruit-derin
a2e1dd05a963226b9fbb2d0bfe3c8e57,test,RB-k-bin-gek-op-fruit
b8bca44620d679b24d5c7c916e2f4a4a,test,RB-k-heb-net-n-lekker-appeltje-opeten
907bcc98791d1d0990d5478085f418b9,test,RB-k-wait-zeker-dat-gainain-mie-vinden-kin
aa7010159c41f4634441e30a31b4c8ee,test,RB-kiek-mor-ais-in-t-rond-kinder
a538d46a99c43b2c75db96baa1389421,test,RB-kinder-stoan-op-n-kloetje-op-pad
40ea25692ae04cb12e1d29ed1e24cd8d,test,RB-lutje-siepeltjes-smoaken-lekker-op-petat-mit-mayonaize-en-ketchup-derbie
e3ffc9d302602f4ef59e230e2f5e75c1,test,RB-mensen-wezen-mets-es-noar-de-mooie-doevetil
b9d4f3f7179d035ff462d2bca43250ca,test,RB-misschien-wollen-ze-heur-hier-wel-uut-joagen
db5af68f6bfb1574302aedb841c4dc33,test,RB-mit-mekoar-goan-dkinder-kieken-woar-wilco-zit
4b3f83c22425da24ee85ecf5157accf7,test,RB-mor-hai-maint-der-niks-van
cb9536add03566b6774e5fc46a6a68a3,test,RB-mor-naargens-zain-ze-hom
1cf2217e98b4e13e1e9bb035a48e8b04,test,RB-n-allerliefst-mooi-huuske-veur-heur-beident
565612cfcf03a4391f2c556d7f212bd0,test,RB-n-doef-ken-je-niet-van-t-ene-stee-noar-t-aner-overplakken-die-moeten-der-zo-vanuut-t-ei-ien
94f9c972a59f1c2dfea87c367d77c7c3,test,RB-nou-hewwe-veur-t-feest-de-doevetil-zo-mooi-opvaarfd-en-nou-is-der-gien-doef-te-zien
c2f36376761d5be620bb703e1a21a0b6,test,RB-nou-warren-ze-der-vlak-bij-en-konden-alles-van-hiel-dichtbij-bekieken
491b932a241ca3af774fe3fc84296577,test,RB-of-je-baargen-de-schil-op-in-joen-buuts
7ef816d629115b2a42975855ba3c5366,test,RB-of-zai-k-der-nait-gezond-uut-meschien
c2c5b8862aad545eb3feebd2088ead26,test,RB-onderin-de-tas-ligt-moe-heur-poddemonnee
06050cb8f3b46e5680307d12679dc0f0,test,RB-op-dstroat-blieven-ze-stoan
f43c82cbae36d6a18f106ec6b777b0ba,test,RB-over-zien-wang-kropt-n-dikke-troan
d0a719c771499d09ea64d057a2b4ac21,test,RB-t-kon-wel-feest-weden
d2aa5e99b38bb705c93326ae5d601825,test,RB-t-was-ja-krekt-n-sprookje
8062de2a7db56b13af7adfd33f37dd02,test,RB-t-was-krekt-of-t-hielemoal-veur-heur-beident-moakt-was
8bc1df8b49ff3aca4c0aa352aa5b2791,test,RB-t-wer-aal-mooier
ba8dde732a8fbd3f6990c2e9bea13b82,test,RB-tegen-widde-kool-zeggen-wie-ook-wel-van-boeskool
3fdea2742ac8268c8a04d80584fc3a58,test,RB-tikkie-doun-we-zo-voak
316809bc5a7f0339e9104c637bd86f5a,test,RB-toen-ze-es-n-keer-over-t-dorp-vlogen-zaggen-ze-n-mooie-doevetil-op-t-schoelplein-stoan
bcd39fb5d6036f42c081fcc35ae01265,test,RB-twee-lutje-muskes-zwonden-mor-wat-om
0052aba45a12e2963cacc4e05ec7898d,test,RB-van-de-schoel-noar-de-bomen-veur-t-schoelplein-hing-t-ien-n-ogenblikje-tied-vol-met-slingers-van-pepier
9f7639adfe7c1a7602674ec2497de59c,test,RB-want-den-glieden-dmensen-derover-uut
105dbfaa91fbcef2d4637e343f3778df,test,RB-wat-deden-die-mannen-doar-wel
384c6a776deb7a08de749337ff92fb76,test,RB-wel-n-asemmer-omschopt-dut-nait-meer-mit
3ca24d6870cf2ab9d36fb698a4952c37,test,RB-wel-wait-wat-beters
89d55f45b039d891e7f0c33b737b6df8,test,RB-wie-springen-en-doun-of-we-op-peerd-zitten
a0cc7185ab2bb85f658f18a60412d7ca,test,RB-zai-stopt-hom-in-heur-tas
748829bbd99f82650b398756e3f16244,test,RB-ze-atten-heur-eerst-es-lekker-zat-en-gingen-toen-mooi-n-beetje-uutrusten
f3b6ac5f10c7f1d36e1bb93b324d7f51,test,RB-ze-begunnen-aalbaaident-te-giebeln
ad2de7b266724f1514b830c8c4af1b9a,test,RB-ze-gingen-op-de-dakgeut-van-de-schoel-zitten
c84d9e724956339c07cafc0b1f193084,test,RB-ze-hadden-n-grode-deus-op-t-schoelplein-stoan-en-hielden-doar-slingers-en-vlagjes-uut
a42380e99ebd5cf46210d95ed48308e1,test,RB-ze-lopen-de-weg-over-noar-n-leegstoand-huus-tou
7e2df65712a4f14f9835bbcb703eaec6,test,RB-ze-lopen-noar-de-gruinteboer-tou
b702dfc2a992eab2c2d5171213b0df6b,test,RB-ze-mossen-alles-goed-zien-kennen
9f374225fd2aa8b5a41c14ffe14e872a,test,RB-ze-trekken-kroezen-boven-dogen
f03f1298df978fdb030f5431e102ad98,test,RB-ze-vladderden-hiel-driest-op-de-til-of
f366c73ae9154f33de196ae93868a989,test,RB-ze-wissen-ja-niet-haalf-wat-die-mannen-van-plan-warren
d0de6ec4ec2ea7603ede3b558e0fa793,test,RB-zij-wollen-der-toch-es-op-of-om-te-kieken-of-dat-knusse-behuzinkje-wat-veur-heur-weden-zol
